Model,Dataset,Alpha,Direction,N,Follows Logic (%),False Premises (%),All True Premises (%),Avg Premises,Refuse (%)
Phi-3-mini-4k-instruct,logical_deduction,0.0,no,16,31.2,68.8,31.2,4.3,0.0
Phi-3-mini-4k-instruct,logical_deduction,0.0,yes,20,10.0,25.0,75.0,4.1,0.0
Phi-3-mini-4k-instruct,logical_deduction,2.0,no,20,25.0,65.0,35.0,4.0,0.0
Phi-3-mini-4k-instruct,logical_deduction,2.0,yes,20,20.0,40.0,60.0,4.5,0.0
Phi-3-mini-4k-instruct,logical_deduction,4.0,no,20,20.0,70.0,30.0,3.9,0.0
Phi-3-mini-4k-instruct,logical_deduction,4.0,yes,20,0.0,30.0,70.0,3.9,0.0
Phi-3-mini-4k-instruct,logical_deduction,6.0,no,20,35.0,60.0,40.0,4.5,0.0
Phi-3-mini-4k-instruct,logical_deduction,6.0,yes,20,20.0,30.0,70.0,3.5,0.0
Phi-3-mini-4k-instruct,logical_deduction,8.0,no,20,15.0,70.0,30.0,4.6,0.0
Phi-3-mini-4k-instruct,logical_deduction,8.0,yes,20,10.0,55.0,45.0,3.7,0.0
Phi-3-mini-4k-instruct,logical_deduction,10.0,no,20,25.0,60.0,40.0,4.3,0.0
Phi-3-mini-4k-instruct,logical_deduction,10.0,yes,20,20.0,30.0,70.0,3.3,0.0
Phi-3-mini-4k-instruct,logical_deduction,12.0,no,20,15.0,65.0,35.0,4.2,0.0
Phi-3-mini-4k-instruct,logical_deduction,12.0,yes,20,25.0,50.0,50.0,3.4,0.0
Phi-3-mini-4k-instruct,logical_deduction,14.0,no,20,10.0,65.0,35.0,4.9,0.0
Phi-3-mini-4k-instruct,logical_deduction,14.0,yes,20,15.0,55.0,45.0,3.2,0.0
Phi-3-mini-4k-instruct,logical_deduction,16.0,no,20,5.0,70.0,30.0,4.5,0.0
Phi-3-mini-4k-instruct,logical_deduction,16.0,yes,20,25.0,50.0,50.0,3.6,0.0
Phi-3-mini-4k-instruct,logical_deduction,18.0,no,20,15.0,65.0,35.0,5.7,0.0
Phi-3-mini-4k-instruct,logical_deduction,18.0,yes,20,25.0,60.0,40.0,3.0,0.0
Phi-3-mini-4k-instruct,logical_deduction,20.0,no,20,15.0,90.0,10.0,6.2,0.0
Phi-3-mini-4k-instruct,logical_deduction,20.0,yes,20,15.0,75.0,25.0,4.2,0.0
Phi-3-mini-4k-instruct,social_chemistry,0.0,no,5,20.0,20.0,80.0,5.8,0.0
Phi-3-mini-4k-instruct,social_chemistry,0.0,yes,5,0.0,20.0,80.0,4.8,0.0
Phi-3-mini-4k-instruct,social_chemistry,2.0,no,20,15.0,60.0,40.0,5.6,0.0
Phi-3-mini-4k-instruct,social_chemistry,2.0,yes,20,25.0,50.0,50.0,4.5,0.0
Phi-3-mini-4k-instruct,social_chemistry,4.0,no,20,30.0,85.0,15.0,5.0,0.0
Phi-3-mini-4k-instruct,social_chemistry,4.0,yes,20,60.0,90.0,10.0,5.8,0.0
Phi-3-mini-4k-instruct,social_chemistry,6.0,no,8,37.5,100.0,0.0,3.8,0.0
Phi-3-mini-4k-instruct,social_chemistry,6.0,yes,10,40.0,100.0,0.0,5.4,0.0
Phi-3-mini-4k-instruct,social_chemistry,8.0,no,3,0.0,100.0,0.0,3.3,0.0
Phi-3-mini-4k-instruct,social_chemistry,8.0,yes,5,0.0,100.0,0.0,7.0,0.0
Qwen2.5-1.5B-Instruct,anachronisms,0.0,no,3,66.7,66.7,33.3,4.7,0.0
Qwen2.5-1.5B-Instruct,anachronisms,0.0,yes,20,60.0,95.0,5.0,3.7,0.0
Qwen2.5-1.5B-Instruct,anachronisms,2.0,no,20,20.0,50.0,50.0,3.4,0.0
Qwen2.5-1.5B-Instruct,anachronisms,2.0,yes,20,60.0,85.0,15.0,3.5,0.0
Qwen2.5-1.5B-Instruct,anachronisms,4.0,no,20,10.0,65.0,35.0,3.7,0.0
Qwen2.5-1.5B-Instruct,anachronisms,4.0,yes,20,60.0,95.0,5.0,3.1,0.0
Qwen2.5-1.5B-Instruct,anachronisms,6.0,no,20,15.0,55.0,45.0,3.2,0.0
Qwen2.5-1.5B-Instruct,anachronisms,6.0,yes,20,50.0,100.0,0.0,3.7,0.0
Qwen2.5-1.5B-Instruct,anachronisms,8.0,no,20,20.0,75.0,25.0,3.6,0.0
Qwen2.5-1.5B-Instruct,anachronisms,8.0,yes,20,40.0,80.0,20.0,3.8,0.0
Qwen2.5-1.5B-Instruct,anachronisms,10.0,no,20,25.0,95.0,5.0,3.9,0.0
Qwen2.5-1.5B-Instruct,anachronisms,10.0,yes,20,40.0,85.0,15.0,4.3,0.0
Qwen2.5-1.5B-Instruct,anachronisms,12.0,no,20,45.0,100.0,0.0,4.0,0.0
Qwen2.5-1.5B-Instruct,anachronisms,12.0,yes,20,15.0,90.0,10.0,3.7,0.0
Qwen2.5-1.5B-Instruct,anachronisms,14.0,no,20,20.0,90.0,10.0,4.8,0.0
Qwen2.5-1.5B-Instruct,anachronisms,14.0,yes,20,45.0,100.0,0.0,4.1,0.0
Qwen2.5-1.5B-Instruct,anachronisms,16.0,no,12,25.0,100.0,0.0,4.3,0.0
Qwen2.5-1.5B-Instruct,anachronisms,16.0,yes,8,37.5,100.0,0.0,3.6,0.0
Qwen2.5-1.5B-Instruct,anachronisms,18.0,yes,4,0.0,100.0,0.0,3.5,0.0
Qwen2.5-1.5B-Instruct,anachronisms,20.0,yes,2,0.0,100.0,0.0,4.5,0.0
Qwen2.5-1.5B-Instruct,logical_deduction,0.0,no,18,38.9,55.6,44.4,3.1,0.0
Qwen2.5-1.5B-Instruct,logical_deduction,0.0,yes,20,35.0,65.0,35.0,3.2,0.0
Qwen2.5-1.5B-Instruct,logical_deduction,2.0,no,20,20.0,60.0,40.0,3.6,0.0
Qwen2.5-1.5B-Instruct,logical_deduction,2.0,yes,20,30.0,65.0,35.0,3.1,0.0
Qwen2.5-1.5B-Instruct,logical_deduction,4.0,no,20,20.0,55.0,45.0,3.5,0.0
Qwen2.5-1.5B-Instruct,logical_deduction,4.0,yes,20,15.0,60.0,40.0,3.4,0.0
Qwen2.5-1.5B-Instruct,logical_deduction,6.0,no,20,10.0,45.0,55.0,3.5,0.0
Qwen2.5-1.5B-Instruct,logical_deduction,6.0,yes,20,10.0,70.0,30.0,3.6,0.0
Qwen2.5-1.5B-Instruct,logical_deduction,8.0,no,20,10.0,55.0,45.0,3.2,0.0
Qwen2.5-1.5B-Instruct,logical_deduction,8.0,yes,20,0.0,60.0,40.0,3.0,0.0
Qwen2.5-1.5B-Instruct,logical_deduction,10.0,no,20,25.0,60.0,40.0,3.1,0.0
Qwen2.5-1.5B-Instruct,logical_deduction,10.0,yes,20,5.0,50.0,50.0,3.4,0.0
Qwen2.5-1.5B-Instruct,logical_deduction,12.0,no,20,25.0,55.0,45.0,3.1,0.0
Qwen2.5-1.5B-Instruct,logical_deduction,12.0,yes,20,15.0,65.0,35.0,3.3,0.0
Qwen2.5-1.5B-Instruct,logical_deduction,14.0,no,20,15.0,65.0,35.0,3.1,0.0
Qwen2.5-1.5B-Instruct,logical_deduction,14.0,yes,20,5.0,45.0,55.0,3.2,0.0
Qwen2.5-1.5B-Instruct,logical_deduction,16.0,no,20,30.0,60.0,40.0,3.1,0.0
Qwen2.5-1.5B-Instruct,logical_deduction,16.0,yes,20,25.0,60.0,40.0,3.0,0.0
Qwen2.5-1.5B-Instruct,logical_deduction,18.0,no,20,20.0,55.0,45.0,3.1,0.0
Qwen2.5-1.5B-Instruct,logical_deduction,18.0,yes,20,15.0,65.0,35.0,3.2,0.0
Qwen2.5-1.5B-Instruct,logical_deduction,20.0,no,20,25.0,85.0,15.0,3.0,0.0
Qwen2.5-1.5B-Instruct,logical_deduction,20.0,yes,20,25.0,60.0,40.0,3.2,0.0
Qwen2.5-1.5B-Instruct,social_chemistry,0.0,no,8,12.5,25.0,75.0,2.5,0.0
Qwen2.5-1.5B-Instruct,social_chemistry,0.0,yes,5,40.0,20.0,80.0,2.4,0.0
Qwen2.5-1.5B-Instruct,social_chemistry,2.0,no,20,25.0,45.0,55.0,2.3,0.0
Qwen2.5-1.5B-Instruct,social_chemistry,2.0,yes,20,45.0,65.0,35.0,3.0,0.0
Qwen2.5-1.5B-Instruct,social_chemistry,4.0,no,20,60.0,70.0,30.0,2.6,0.0
Qwen2.5-1.5B-Instruct,social_chemistry,4.0,yes,20,45.0,70.0,30.0,2.9,0.0
Qwen2.5-1.5B-Instruct,social_chemistry,6.0,no,7,71.4,71.4,28.6,2.9,0.0
Qwen2.5-1.5B-Instruct,social_chemistry,6.0,yes,20,50.0,85.0,15.0,3.5,0.0
Qwen2.5-1.5B-Instruct,social_chemistry,8.0,yes,20,55.0,85.0,15.0,3.5,0.0
Qwen2.5-1.5B-Instruct,social_chemistry,10.0,yes,20,55.0,80.0,20.0,3.1,0.0
Qwen2.5-1.5B-Instruct,sports_understanding,0.0,no,20,25.0,60.0,40.0,2.9,0.0
Qwen2.5-1.5B-Instruct,sports_understanding,0.0,yes,20,55.0,65.0,35.0,2.6,0.0
Qwen2.5-1.5B-Instruct,sports_understanding,2.0,no,20,20.0,75.0,25.0,3.1,0.0
Qwen2.5-1.5B-Instruct,sports_understanding,2.0,yes,20,40.0,70.0,30.0,2.4,0.0
Qwen2.5-1.5B-Instruct,sports_understanding,4.0,no,20,30.0,60.0,40.0,2.5,0.0
Qwen2.5-1.5B-Instruct,sports_understanding,4.0,yes,20,45.0,70.0,30.0,2.5,0.0
Qwen2.5-1.5B-Instruct,sports_understanding,6.0,no,20,30.0,65.0,35.0,2.6,0.0
Qwen2.5-1.5B-Instruct,sports_understanding,6.0,yes,20,55.0,65.0,35.0,2.6,0.0
Qwen2.5-1.5B-Instruct,sports_understanding,8.0,no,20,25.0,60.0,40.0,2.9,0.0
Qwen2.5-1.5B-Instruct,sports_understanding,8.0,yes,20,55.0,80.0,20.0,2.5,0.0
Qwen2.5-1.5B-Instruct,sports_understanding,10.0,no,20,80.0,95.0,5.0,3.4,0.0
Qwen2.5-1.5B-Instruct,sports_understanding,10.0,yes,20,60.0,90.0,10.0,3.5,0.0
Qwen2.5-1.5B-Instruct,sports_understanding,12.0,no,20,95.0,100.0,0.0,3.6,0.0
Qwen2.5-1.5B-Instruct,sports_understanding,12.0,yes,20,65.0,80.0,20.0,3.6,0.0
Qwen2.5-1.5B-Instruct,sports_understanding,14.0,no,20,65.0,95.0,5.0,5.0,0.0
Qwen2.5-1.5B-Instruct,sports_understanding,14.0,yes,20,65.0,85.0,15.0,4.1,0.0
Qwen2.5-1.5B-Instruct,sports_understanding,16.0,no,6,83.3,100.0,0.0,5.3,0.0
Qwen2.5-1.5B-Instruct,sports_understanding,16.0,yes,9,22.2,88.9,11.1,3.7,0.0
Qwen2.5-3B-Instruct,anachronisms,0.0,yes,20,65.0,95.0,5.0,4.7,0.0
Qwen2.5-3B-Instruct,anachronisms,2.0,no,20,25.0,95.0,5.0,5.8,0.0
Qwen2.5-3B-Instruct,anachronisms,2.0,yes,20,75.0,90.0,10.0,4.2,0.0
Qwen2.5-3B-Instruct,anachronisms,4.0,no,20,35.0,95.0,5.0,5.0,0.0
Qwen2.5-3B-Instruct,anachronisms,4.0,yes,20,85.0,100.0,0.0,4.7,0.0
Qwen2.5-3B-Instruct,anachronisms,6.0,no,20,5.0,100.0,0.0,5.5,0.0
Qwen2.5-3B-Instruct,anachronisms,6.0,yes,6,100.0,100.0,0.0,4.8,0.0
Qwen2.5-3B-Instruct,anachronisms,8.0,no,4,0.0,100.0,0.0,5.0,0.0
Qwen2.5-3B-Instruct,anachronisms,10.0,no,1,0.0,100.0,0.0,6.0,0.0
Qwen2.5-3B-Instruct,logical_deduction,0.0,no,19,57.9,89.5,10.5,4.4,0.0
Qwen2.5-3B-Instruct,logical_deduction,0.0,yes,20,60.0,75.0,25.0,4.5,0.0
Qwen2.5-3B-Instruct,logical_deduction,2.0,no,20,45.0,95.0,5.0,5.3,0.0
Qwen2.5-3B-Instruct,logical_deduction,2.0,yes,20,40.0,80.0,20.0,4.7,0.0
Qwen2.5-3B-Instruct,logical_deduction,4.0,no,20,35.0,80.0,20.0,4.6,0.0
Qwen2.5-3B-Instruct,logical_deduction,4.0,yes,18,72.2,88.9,11.1,4.8,0.0
Qwen2.5-3B-Instruct,logical_deduction,6.0,no,20,10.0,50.0,50.0,4.7,0.0
Qwen2.5-3B-Instruct,logical_deduction,6.0,yes,20,25.0,75.0,25.0,5.3,0.0
Qwen2.5-3B-Instruct,logical_deduction,8.0,no,20,35.0,65.0,35.0,4.7,0.0
Qwen2.5-3B-Instruct,logical_deduction,8.0,yes,20,35.0,75.0,25.0,4.4,0.0
Qwen2.5-3B-Instruct,logical_deduction,10.0,no,20,35.0,85.0,15.0,4.7,0.0
Qwen2.5-3B-Instruct,logical_deduction,10.0,yes,20,40.0,80.0,20.0,5.0,0.0
Qwen2.5-3B-Instruct,logical_deduction,12.0,no,20,20.0,65.0,35.0,5.0,0.0
Qwen2.5-3B-Instruct,logical_deduction,12.0,yes,20,30.0,85.0,15.0,5.6,0.0
Qwen2.5-3B-Instruct,logical_deduction,14.0,no,20,10.0,75.0,25.0,5.3,0.0
Qwen2.5-3B-Instruct,logical_deduction,14.0,yes,20,35.0,90.0,10.0,5.8,0.0
Qwen2.5-3B-Instruct,logical_deduction,16.0,no,20,20.0,85.0,15.0,5.8,0.0
Qwen2.5-3B-Instruct,logical_deduction,16.0,yes,20,35.0,100.0,0.0,5.7,0.0
Qwen2.5-3B-Instruct,logical_deduction,18.0,no,14,21.4,85.7,14.3,6.2,0.0
Qwen2.5-3B-Instruct,logical_deduction,18.0,yes,6,50.0,100.0,0.0,5.0,0.0
Qwen2.5-3B-Instruct,logical_deduction,20.0,no,6,50.0,100.0,0.0,5.3,0.0
Qwen2.5-3B-Instruct,logical_deduction,20.0,yes,1,100.0,100.0,0.0,6.0,0.0
Qwen2.5-3B-Instruct,social_chemistry,0.0,no,11,18.2,36.4,63.6,4.6,0.0
Qwen2.5-3B-Instruct,social_chemistry,0.0,yes,1,0.0,0.0,100.0,4.0,0.0
Qwen2.5-3B-Instruct,social_chemistry,2.0,no,20,20.0,30.0,70.0,4.2,0.0
Qwen2.5-3B-Instruct,social_chemistry,2.0,yes,12,33.3,58.3,41.7,5.4,0.0
Qwen2.5-3B-Instruct,social_chemistry,4.0,no,20,30.0,65.0,35.0,4.5,0.0
Qwen2.5-3B-Instruct,social_chemistry,4.0,yes,20,45.0,65.0,35.0,5.0,0.0
Qwen2.5-3B-Instruct,social_chemistry,6.0,no,20,60.0,90.0,10.0,4.2,0.0
Qwen2.5-3B-Instruct,social_chemistry,6.0,yes,20,25.0,80.0,20.0,5.7,0.0
Qwen2.5-3B-Instruct,social_chemistry,8.0,no,20,30.0,100.0,0.0,5.0,0.0
Qwen2.5-3B-Instruct,social_chemistry,8.0,yes,20,35.0,80.0,20.0,5.5,0.0
Qwen2.5-3B-Instruct,social_chemistry,10.0,no,20,30.0,95.0,5.0,4.2,0.0
Qwen2.5-3B-Instruct,social_chemistry,10.0,yes,20,60.0,90.0,10.0,5.5,0.0
Qwen2.5-3B-Instruct,social_chemistry,12.0,no,1,0.0,0.0,100.0,2.0,0.0
Qwen2.5-3B-Instruct,social_chemistry,12.0,yes,20,20.0,90.0,10.0,5.2,0.0
Qwen2.5-3B-Instruct,social_chemistry,14.0,yes,1,0.0,100.0,0.0,5.0,0.0
Qwen2.5-3B-Instruct,sports_understanding,0.0,no,16,50.0,87.5,12.5,4.6,0.0
Qwen2.5-3B-Instruct,sports_understanding,0.0,yes,19,100.0,84.2,15.8,3.4,0.0
Qwen2.5-3B-Instruct,sports_understanding,2.0,no,20,50.0,90.0,10.0,4.9,0.0
Qwen2.5-3B-Instruct,sports_understanding,2.0,yes,20,85.0,100.0,0.0,3.6,0.0
Qwen2.5-3B-Instruct,sports_understanding,4.0,no,20,40.0,80.0,20.0,4.5,0.0
Qwen2.5-3B-Instruct,sports_understanding,4.0,yes,20,55.0,75.0,25.0,4.3,0.0
Qwen2.5-3B-Instruct,sports_understanding,6.0,no,20,40.0,90.0,10.0,4.9,0.0
Qwen2.5-3B-Instruct,sports_understanding,6.0,yes,20,45.0,60.0,40.0,4.0,0.0
Qwen2.5-3B-Instruct,sports_understanding,8.0,no,20,40.0,95.0,5.0,4.5,0.0
Qwen2.5-3B-Instruct,sports_understanding,8.0,yes,20,75.0,90.0,10.0,4.0,0.0
Qwen2.5-3B-Instruct,sports_understanding,10.0,no,20,20.0,90.0,10.0,5.0,0.0
Qwen2.5-3B-Instruct,sports_understanding,10.0,yes,20,70.0,75.0,25.0,4.5,0.0
Qwen2.5-3B-Instruct,sports_understanding,12.0,no,20,25.0,100.0,0.0,6.0,0.0
Qwen2.5-3B-Instruct,sports_understanding,12.0,yes,20,55.0,55.0,45.0,4.2,0.0
Qwen2.5-3B-Instruct,sports_understanding,14.0,no,20,40.0,100.0,0.0,6.2,0.0
Qwen2.5-3B-Instruct,sports_understanding,14.0,yes,20,70.0,65.0,35.0,4.2,0.0
Qwen2.5-3B-Instruct,sports_understanding,16.0,no,20,35.0,100.0,0.0,6.2,0.0
Qwen2.5-3B-Instruct,sports_understanding,16.0,yes,20,50.0,50.0,50.0,3.9,0.0
Qwen2.5-3B-Instruct,sports_understanding,18.0,no,20,30.0,100.0,0.0,6.0,0.0
Qwen2.5-3B-Instruct,sports_understanding,18.0,yes,20,65.0,45.0,55.0,4.0,5.0
Qwen2.5-3B-Instruct,sports_understanding,20.0,no,5,0.0,100.0,0.0,7.0,0.0
Qwen2.5-3B-Instruct,sports_understanding,20.0,yes,20,75.0,35.0,65.0,3.1,5.0
Qwen2.5-7B-Instruct,anachronisms,0.0,yes,15,46.7,80.0,20.0,5.0,0.0
Qwen2.5-7B-Instruct,anachronisms,2.0,no,5,20.0,100.0,0.0,5.2,0.0
Qwen2.5-7B-Instruct,anachronisms,2.0,yes,20,30.0,85.0,15.0,4.4,0.0
Qwen2.5-7B-Instruct,anachronisms,4.0,no,20,20.0,95.0,5.0,5.5,0.0
Qwen2.5-7B-Instruct,anachronisms,4.0,yes,20,55.0,100.0,0.0,5.1,0.0
Qwen2.5-7B-Instruct,logical_deduction,0.0,no,8,50.0,62.5,37.5,4.8,0.0
Qwen2.5-7B-Instruct,logical_deduction,0.0,yes,8,25.0,25.0,75.0,4.2,0.0
Qwen2.5-7B-Instruct,logical_deduction,2.0,no,18,33.3,77.8,22.2,4.6,0.0
Qwen2.5-7B-Instruct,logical_deduction,2.0,yes,20,15.0,45.0,55.0,3.8,0.0
Qwen2.5-7B-Instruct,logical_deduction,4.0,no,20,45.0,65.0,35.0,4.5,0.0
Qwen2.5-7B-Instruct,logical_deduction,4.0,yes,20,30.0,50.0,50.0,3.5,0.0
Qwen2.5-7B-Instruct,logical_deduction,6.0,no,20,20.0,55.0,45.0,4.2,0.0
Qwen2.5-7B-Instruct,logical_deduction,6.0,yes,20,25.0,35.0,65.0,4.2,0.0
Qwen2.5-7B-Instruct,logical_deduction,8.0,no,20,20.0,55.0,45.0,4.4,0.0
Qwen2.5-7B-Instruct,logical_deduction,8.0,yes,20,10.0,50.0,50.0,4.2,0.0
Qwen2.5-7B-Instruct,logical_deduction,10.0,no,20,5.0,50.0,50.0,4.5,0.0
Qwen2.5-7B-Instruct,logical_deduction,10.0,yes,20,10.0,40.0,60.0,4.2,0.0
Qwen2.5-7B-Instruct,logical_deduction,12.0,no,20,15.0,35.0,65.0,3.8,0.0
Qwen2.5-7B-Instruct,logical_deduction,12.0,yes,20,15.0,35.0,65.0,4.7,0.0
Qwen2.5-7B-Instruct,logical_deduction,14.0,no,20,15.0,25.0,75.0,3.6,5.0
Qwen2.5-7B-Instruct,logical_deduction,14.0,yes,20,5.0,50.0,50.0,4.3,0.0
Qwen2.5-7B-Instruct,logical_deduction,16.0,no,20,30.0,50.0,50.0,4.0,0.0
Qwen2.5-7B-Instruct,logical_deduction,16.0,yes,20,20.0,50.0,50.0,4.3,0.0
Qwen2.5-7B-Instruct,logical_deduction,18.0,no,20,25.0,55.0,45.0,4.7,0.0
Qwen2.5-7B-Instruct,logical_deduction,18.0,yes,20,10.0,30.0,70.0,4.0,5.0
Qwen2.5-7B-Instruct,logical_deduction,20.0,no,20,10.0,50.0,50.0,4.5,0.0
Qwen2.5-7B-Instruct,logical_deduction,20.0,yes,20,20.0,50.0,50.0,4.8,0.0
Qwen2.5-7B-Instruct,social_chemistry,0.0,no,6,0.0,16.7,83.3,3.3,0.0
Qwen2.5-7B-Instruct,social_chemistry,0.0,yes,4,50.0,0.0,100.0,3.2,0.0
Qwen2.5-7B-Instruct,social_chemistry,2.0,no,20,30.0,65.0,35.0,4.0,0.0
Qwen2.5-7B-Instruct,social_chemistry,2.0,yes,20,40.0,30.0,70.0,3.6,5.0
Qwen2.5-7B-Instruct,social_chemistry,4.0,no,20,55.0,80.0,20.0,3.8,0.0
Qwen2.5-7B-Instruct,social_chemistry,4.0,yes,20,55.0,75.0,25.0,6.3,0.0
Qwen2.5-7B-Instruct,social_chemistry,6.0,no,20,25.0,75.0,25.0,4.0,0.0
Qwen2.5-7B-Instruct,social_chemistry,6.0,yes,20,30.0,75.0,25.0,4.8,5.0
Qwen2.5-7B-Instruct,social_chemistry,8.0,no,1,100.0,100.0,0.0,2.0,0.0
Qwen2.5-7B-Instruct,sports_understanding,0.0,no,9,77.8,77.8,22.2,4.2,0.0
Qwen2.5-7B-Instruct,sports_understanding,0.0,yes,9,100.0,77.8,22.2,2.9,0.0
Qwen2.5-7B-Instruct,sports_understanding,2.0,no,12,25.0,58.3,41.7,3.2,0.0
Qwen2.5-7B-Instruct,sports_understanding,2.0,yes,20,75.0,80.0,20.0,4.0,0.0
Qwen2.5-7B-Instruct,sports_understanding,4.0,no,20,45.0,80.0,20.0,3.5,0.0
Qwen2.5-7B-Instruct,sports_understanding,4.0,yes,20,75.0,75.0,25.0,4.9,0.0
Qwen2.5-7B-Instruct,sports_understanding,6.0,no,20,50.0,80.0,20.0,4.0,0.0
Qwen2.5-7B-Instruct,sports_understanding,6.0,yes,20,80.0,70.0,30.0,5.0,0.0
Qwen2.5-7B-Instruct,sports_understanding,8.0,no,20,50.0,75.0,25.0,4.2,0.0
Qwen2.5-7B-Instruct,sports_understanding,8.0,yes,20,80.0,80.0,20.0,6.2,0.0
Qwen2.5-7B-Instruct,sports_understanding,10.0,no,20,35.0,65.0,35.0,3.5,5.0
Qwen2.5-7B-Instruct,sports_understanding,12.0,no,1,0.0,100.0,0.0,3.0,0.0
gemma-2-2b-it,anachronisms,0.0,no,4,25.0,75.0,25.0,3.2,0.0
gemma-2-2b-it,anachronisms,0.0,yes,20,45.0,75.0,25.0,3.9,0.0
gemma-2-2b-it,anachronisms,2.0,no,20,10.0,55.0,45.0,3.5,0.0
gemma-2-2b-it,anachronisms,2.0,yes,20,30.0,75.0,25.0,3.5,0.0
gemma-2-2b-it,anachronisms,4.0,no,20,30.0,55.0,45.0,4.0,0.0
gemma-2-2b-it,anachronisms,4.0,yes,20,15.0,75.0,25.0,4.4,0.0
gemma-2-2b-it,anachronisms,6.0,no,20,15.0,95.0,5.0,5.5,0.0
gemma-2-2b-it,anachronisms,6.0,yes,20,25.0,90.0,10.0,4.8,0.0
gemma-2-2b-it,anachronisms,8.0,no,1,100.0,100.0,0.0,3.0,0.0
gemma-2-2b-it,anachronisms,8.0,yes,6,66.7,100.0,0.0,4.8,0.0
gemma-2-2b-it,logical_deduction,0.0,no,17,35.3,41.2,58.8,3.4,0.0
gemma-2-2b-it,logical_deduction,0.0,yes,20,5.0,30.0,70.0,3.3,0.0
gemma-2-2b-it,logical_deduction,2.0,no,20,30.0,50.0,50.0,3.0,0.0
gemma-2-2b-it,logical_deduction,2.0,yes,20,10.0,40.0,60.0,3.4,0.0
gemma-2-2b-it,logical_deduction,4.0,no,20,10.0,45.0,55.0,3.4,0.0
gemma-2-2b-it,logical_deduction,4.0,yes,20,15.0,40.0,60.0,3.0,0.0
gemma-2-2b-it,logical_deduction,6.0,no,20,10.0,25.0,75.0,3.1,0.0
gemma-2-2b-it,logical_deduction,6.0,yes,20,10.0,60.0,40.0,3.3,0.0
gemma-2-2b-it,logical_deduction,8.0,no,20,25.0,50.0,50.0,3.0,0.0
gemma-2-2b-it,logical_deduction,8.0,yes,20,10.0,35.0,65.0,3.0,0.0
gemma-2-2b-it,logical_deduction,10.0,no,20,10.0,35.0,65.0,2.9,0.0
gemma-2-2b-it,logical_deduction,10.0,yes,20,5.0,55.0,45.0,3.4,0.0
gemma-2-2b-it,logical_deduction,12.0,no,20,25.0,40.0,60.0,2.9,0.0
gemma-2-2b-it,logical_deduction,12.0,yes,20,25.0,65.0,35.0,3.2,0.0
gemma-2-2b-it,logical_deduction,14.0,no,20,15.0,45.0,55.0,2.6,0.0
gemma-2-2b-it,logical_deduction,14.0,yes,20,10.0,75.0,25.0,3.4,0.0
gemma-2-2b-it,logical_deduction,16.0,no,20,35.0,70.0,30.0,2.6,0.0
gemma-2-2b-it,logical_deduction,16.0,yes,20,5.0,70.0,30.0,2.6,0.0
gemma-2-2b-it,logical_deduction,18.0,no,20,35.0,80.0,20.0,2.9,0.0
gemma-2-2b-it,logical_deduction,18.0,yes,20,15.0,70.0,30.0,2.9,0.0
gemma-2-2b-it,logical_deduction,20.0,no,20,15.0,90.0,10.0,2.8,0.0
gemma-2-2b-it,logical_deduction,20.0,yes,20,10.0,85.0,15.0,2.8,0.0
gemma-2-2b-it,social_chemistry,0.0,no,3,33.3,0.0,100.0,4.3,0.0
gemma-2-2b-it,social_chemistry,0.0,yes,7,28.6,14.3,85.7,2.4,0.0
gemma-2-2b-it,social_chemistry,2.0,no,20,10.0,20.0,80.0,2.0,0.0
gemma-2-2b-it,social_chemistry,2.0,yes,20,40.0,35.0,65.0,3.5,0.0
gemma-2-2b-it,social_chemistry,4.0,no,20,55.0,80.0,20.0,2.6,0.0
gemma-2-2b-it,social_chemistry,4.0,yes,20,30.0,50.0,50.0,2.9,0.0
gemma-2-2b-it,social_chemistry,6.0,no,20,70.0,90.0,10.0,2.1,0.0
gemma-2-2b-it,social_chemistry,6.0,yes,20,45.0,70.0,30.0,3.2,0.0
gemma-2-2b-it,social_chemistry,8.0,no,20,65.0,100.0,0.0,2.4,0.0
gemma-2-2b-it,social_chemistry,8.0,yes,20,40.0,90.0,10.0,3.0,0.0
gemma-2-2b-it,social_chemistry,10.0,no,20,50.0,85.0,15.0,2.8,0.0
gemma-2-2b-it,social_chemistry,10.0,yes,20,15.0,75.0,25.0,3.6,0.0
gemma-2-2b-it,social_chemistry,12.0,yes,2,0.0,100.0,0.0,4.0,0.0
gemma-2-2b-it,sports_understanding,0.0,no,18,22.2,61.1,38.9,2.9,0.0
gemma-2-2b-it,sports_understanding,0.0,yes,19,73.7,89.5,10.5,2.3,0.0
gemma-2-2b-it,sports_understanding,2.0,no,20,15.0,50.0,50.0,2.7,0.0
gemma-2-2b-it,sports_understanding,2.0,yes,20,55.0,60.0,40.0,2.4,0.0
gemma-2-2b-it,sports_understanding,4.0,no,20,15.0,30.0,70.0,2.5,0.0
gemma-2-2b-it,sports_understanding,4.0,yes,20,50.0,50.0,50.0,2.3,0.0
gemma-2-2b-it,sports_understanding,6.0,no,20,15.0,30.0,70.0,2.3,0.0
gemma-2-2b-it,sports_understanding,6.0,yes,20,50.0,40.0,60.0,2.2,0.0
gemma-2-2b-it,sports_understanding,8.0,no,20,15.0,50.0,50.0,2.8,0.0
gemma-2-2b-it,sports_understanding,8.0,yes,20,45.0,50.0,50.0,2.0,0.0
gemma-2-2b-it,sports_understanding,10.0,no,20,35.0,55.0,45.0,3.0,0.0
gemma-2-2b-it,sports_understanding,10.0,yes,20,45.0,55.0,45.0,2.1,0.0
gemma-2-2b-it,sports_understanding,12.0,no,20,15.0,65.0,35.0,3.0,0.0
gemma-2-2b-it,sports_understanding,12.0,yes,20,30.0,50.0,50.0,1.9,0.0
gemma-2-2b-it,sports_understanding,14.0,no,20,35.0,85.0,15.0,3.7,0.0
gemma-2-2b-it,sports_understanding,14.0,yes,20,50.0,60.0,40.0,2.0,0.0
gemma-2-2b-it,sports_understanding,16.0,no,20,40.0,85.0,15.0,3.5,0.0
gemma-2-2b-it,sports_understanding,16.0,yes,20,55.0,65.0,35.0,2.0,0.0
gemma-2-2b-it,sports_understanding,18.0,no,20,45.0,100.0,0.0,5.0,0.0
gemma-2-2b-it,sports_understanding,18.0,yes,20,60.0,65.0,35.0,2.1,0.0
gemma-2-2b-it,sports_understanding,20.0,no,20,30.0,90.0,10.0,4.8,0.0
gemma-2-2b-it,sports_understanding,20.0,yes,20,45.0,60.0,40.0,2.1,0.0
gemma-2-9b-it,anachronisms,0.0,no,1,100.0,100.0,0.0,3.0,0.0
gemma-2-9b-it,anachronisms,0.0,yes,18,33.3,61.1,38.9,3.4,0.0
gemma-2-9b-it,anachronisms,2.0,no,20,50.0,60.0,40.0,2.9,0.0
gemma-2-9b-it,anachronisms,2.0,yes,20,25.0,50.0,50.0,2.9,0.0
gemma-2-9b-it,anachronisms,4.0,no,20,40.0,80.0,20.0,3.5,0.0
gemma-2-9b-it,anachronisms,4.0,yes,20,20.0,90.0,10.0,3.8,0.0
gemma-2-9b-it,logical_deduction,0.0,no,2,0.0,0.0,100.0,4.0,0.0
gemma-2-9b-it,logical_deduction,0.0,yes,9,22.2,33.3,66.7,3.8,0.0
gemma-2-9b-it,logical_deduction,2.0,no,20,20.0,45.0,55.0,3.8,0.0
gemma-2-9b-it,logical_deduction,2.0,yes,20,15.0,25.0,75.0,3.0,0.0
gemma-2-9b-it,logical_deduction,4.0,no,20,40.0,55.0,45.0,3.4,0.0
gemma-2-9b-it,logical_deduction,4.0,yes,20,25.0,40.0,60.0,3.0,0.0
gemma-2-9b-it,logical_deduction,6.0,no,20,20.0,50.0,50.0,3.2,0.0
gemma-2-9b-it,logical_deduction,6.0,yes,20,15.0,35.0,65.0,2.9,0.0
gemma-2-9b-it,logical_deduction,8.0,no,20,10.0,30.0,70.0,3.4,0.0
gemma-2-9b-it,logical_deduction,8.0,yes,20,10.0,5.0,95.0,2.3,0.0
gemma-2-9b-it,logical_deduction,10.0,no,20,20.0,45.0,55.0,3.8,0.0
gemma-2-9b-it,logical_deduction,10.0,yes,20,30.0,40.0,60.0,1.8,0.0
gemma-2-9b-it,logical_deduction,12.0,no,20,25.0,55.0,45.0,4.0,0.0
gemma-2-9b-it,logical_deduction,12.0,yes,20,60.0,75.0,25.0,1.8,0.0
gemma-2-9b-it,logical_deduction,14.0,no,17,35.3,70.6,29.4,4.8,0.0
gemma-2-9b-it,logical_deduction,14.0,yes,20,80.0,85.0,15.0,2.1,0.0
gemma-2-9b-it,logical_deduction,16.0,yes,14,78.6,92.9,7.1,1.6,0.0
gemma-2-9b-it,logical_deduction,18.0,yes,1,0.0,100.0,0.0,1.0,0.0
gemma-2-9b-it,social_chemistry,0.0,no,3,33.3,66.7,33.3,4.3,0.0
gemma-2-9b-it,social_chemistry,0.0,yes,3,33.3,0.0,100.0,3.0,0.0
gemma-2-9b-it,social_chemistry,2.0,no,20,35.0,50.0,50.0,1.9,0.0
gemma-2-9b-it,social_chemistry,2.0,yes,20,70.0,70.0,30.0,3.7,0.0
gemma-2-9b-it,social_chemistry,4.0,no,20,50.0,65.0,35.0,2.4,0.0
gemma-2-9b-it,social_chemistry,4.0,yes,20,50.0,90.0,10.0,5.8,0.0
gemma-2-9b-it,social_chemistry,6.0,no,20,40.0,70.0,30.0,2.4,0.0
gemma-2-9b-it,social_chemistry,6.0,yes,20,60.0,95.0,5.0,4.8,0.0
gemma-2-9b-it,social_chemistry,8.0,no,20,45.0,90.0,10.0,2.5,0.0
gemma-2-9b-it,social_chemistry,8.0,yes,2,50.0,100.0,0.0,3.5,0.0
gemma-2-9b-it,sports_understanding,0.0,no,2,0.0,0.0,100.0,2.5,0.0
gemma-2-9b-it,sports_understanding,0.0,yes,5,80.0,100.0,0.0,3.2,0.0
gemma-2-9b-it,sports_understanding,2.0,no,4,25.0,0.0,100.0,2.2,0.0
gemma-2-9b-it,sports_understanding,2.0,yes,9,66.7,66.7,33.3,2.6,0.0
gemma-2-9b-it,sports_understanding,4.0,no,6,16.7,33.3,66.7,3.2,0.0
gemma-2-9b-it,sports_understanding,4.0,yes,20,20.0,25.0,75.0,2.1,0.0
gemma-2-9b-it,sports_understanding,6.0,no,5,0.0,0.0,100.0,3.2,0.0
gemma-2-9b-it,sports_understanding,6.0,yes,20,10.0,5.0,95.0,2.1,0.0
gemma-2-9b-it,sports_understanding,8.0,no,7,28.6,28.6,71.4,2.9,0.0
gemma-2-9b-it,sports_understanding,8.0,yes,20,0.0,15.0,85.0,2.4,0.0
gemma-2-9b-it,sports_understanding,10.0,no,1,0.0,0.0,100.0,2.0,0.0
gemma-2-9b-it,sports_understanding,10.0,yes,20,15.0,40.0,60.0,2.6,0.0
gemma-2-9b-it,sports_understanding,12.0,yes,20,0.0,20.0,80.0,1.1,35.0
